"twitterUrl","id","text","retweet.text","retweetCount","replyCount","likeCount","quoteCount","createdAt","bookmarkCount","isRetweet","isQuote"
"https://twitter.com/_Anti_Sistema/status/1803362833679159790"," 1,803,362,833,679,150,000.00 ","@SICNoticias O maior tsunami tem sido ele desde que se agarrou ao poder desde o 25/4.","",0,0,0,0,"Wed Jun 19 09:42:59 +0000 2024",0,FALSE,FALSE
"https://twitter.com/honyess/status/1803362797159408083"," 1,803,362,797,159,400,000.00 ","@s_emre03 Araplar ananÄ± s2kiyor 0rspu Ã§ocuÄŸu sizlerde kendinizi fenerlilere s2ktiriyorsunuz qmÄ±na koduÄŸumun yalama s2kilmiÅŸi.","",0,0,0,0,"Wed Jun 19 09:42:50 +0000 2024",0,FALSE,FALSE
"https://twitter.com/fortunemaine_/status/1803362735498944812"," 1,803,362,735,498,940,000.00 ","This shit is creative bro ğŸ˜‚ğŸ˜‚ğŸ˜‚","",0,0,0,0,"Wed Jun 19 09:42:35 +0000 2024",0,FALSE,TRUE
"https://twitter.com/The_Lorde_Amaka/status/1803362486541791271"," 1,803,362,486,541,790,000.00 ","One of my colleagues was asking whatâ€™s causes tsunamis.
Tell me why this my other colleague said that there is fire tsunami, that fire will be in form of liquid and be pouring from the ground ğŸ˜­ğŸ˜­ğŸ˜­
No be volcanic eruption be that?","",0,0,0,0,"Wed Jun 19 09:41:36 +0000 2024",0,FALSE,FALSE
"https://twitter.com/MarcosLieba/status/1803362412390760829"," 1,803,362,412,390,760,000.00 ","Carles @KRLS se persona en el caso Tsunami DemocrÃ tic tras notificarle su imputaciÃ³n las autoridades francesas https://t.co/kBbiq3s9ak","",0,0,0,0,"Wed Jun 19 09:41:18 +0000 2024",0,FALSE,FALSE
"https://twitter.com/HughMunro15/status/1803362267850776806"," 1,803,362,267,850,770,000.00 ","@campbellclaret We have jumped the moral  &amp; ethical Rubicon when we promote a man who helped wirh a dodgy dossier that sent ğŸ‡¬ğŸ‡§ to war in far off Islamic lands, killing and maiming not only hundreds of ğŸ‡¬ğŸ‡§ but millions of Muslims and unleashed a tsunami of migration into Europe! ğŸ˜² https://t.co/7XP6x4SPJb","",0,0,0,0,"Wed Jun 19 09:40:44 +0000 2024",0,FALSE,FALSE
"https://twitter.com/honyess/status/1803362122862096610"," 1,803,362,122,862,090,000.00 ","@s_emre03 @Nkame7222 @UEFAcom_de @josesosaok @Trabzonspor @TrabzonsporEN AnanÄ± araplara peÅŸkeÅŸ cekiyorum 0rspu Ã§ocuÄŸu gel kurtar","",0,1,1,0,"Wed Jun 19 09:40:09 +0000 2024",0,FALSE,FALSE
"https://twitter.com/minionsgamers1/status/1803361930783899860"," 1,803,361,930,783,890,000.00 ","@tsunamigabs pqp eh o dj tsunami","",0,0,0,0,"Wed Jun 19 09:39:23 +0000 2024",0,FALSE,FALSE
"https://twitter.com/honyess/status/1803361825561420278"," 1,803,361,825,561,420,000.00 ","Bu orevlatlarÄ± hep mi bÃ¶yle salaktÄ±? Adam ""eyÅŸan"" lakabÄ±nÄ± bjkye tapuladÄ±klarÄ±nÄ± zannediyor. Kendilerinin bulduÄŸunu zannediyor. Bi toplulukta herkes mi bu kadar salak olur qmk. Tiner kelimesinin vucut bulmuÅŸ hali beyinsinler.","",0,1,0,0,"Wed Jun 19 09:38:58 +0000 2024",0,FALSE,TRUE
"https://twitter.com/t94053_the/status/1803361692140924998"," 1,803,361,692,140,920,000.00 ","@blahblahvision Tsunami funda cloud da","",0,0,0,0,"Wed Jun 19 09:38:26 +0000 2024",0,FALSE,FALSE
"https://twitter.com/Mrme061309/status/1803361666991546623"," 1,803,361,666,991,540,000.00 ","@MarinaPurkiss The tide has turned. Expect a tsunami.","",0,0,0,0,"Wed Jun 19 09:38:20 +0000 2024",0,FALSE,FALSE
"https://twitter.com/CarbonRobot/status/1803361589589856543"," 1,803,361,589,589,850,000.00 ","@13sarahmurphy That's the Labour party and it's tsunami of promises of populist theme. Promises that will all be broken. The post Pandemic recovering economy ruined. You want competence? You'd better look elsewhere. A chancellor that can't even manage her own credit card. https://t.co/eA3VbsANNp","",0,0,0,0,"Wed Jun 19 09:38:02 +0000 2024",0,FALSE,FALSE
"https://twitter.com/IlFarosulMondo/status/1803361514633433318"," 1,803,361,514,633,430,000.00 ","#Tsunami of #resistance drowns Israelâ€™s #warcabinet https://t.co/S7WQWHa82Z","",0,0,0,0,"Wed Jun 19 09:37:44 +0000 2024",0,FALSE,FALSE
"https://twitter.com/UnwantedTrue/status/1803361234604941744"," 1,803,361,234,604,940,000.00 ","Kolejna Å‚Ã³dÅº atomowa opuszcza port w Rosji. ÅÃ³dÅº ma na swoim pokÅ‚adzie rakiety hipersoniczne. WczeÅ›niej port  opuÅ›ciÅ‚a inna Å‚Ã³dÅº podwodna, ktÃ³ra ma na pokÅ‚adzie 6 atomowych torped Posejdon, ktÃ³re mogÄ… spowodowaÄ‡ 3 kilometrowe tsunami i przykryÄ‡ wodÄ… ğŸ‡¬ğŸ‡§ğŸ‡«ğŸ‡· i znacznÄ… czÄ™Å›Ä‡ ğŸ‡ºğŸ‡²
#war https://t.co/3kqYYZd0Hr","",0,0,0,0,"Wed Jun 19 09:36:37 +0000 2024",0,FALSE,FALSE
"https://twitter.com/honyess/status/1803361103428149386"," 1,803,361,103,428,140,000.00 ","@s_emre03 @Nkame7222 @UEFAcom_de @josesosaok @Trabzonspor @TrabzonsporEN IANDHSJSNDHDHSJDHDHD am1na koduÄŸumun tinercisine bak ulan aptal eyÅŸan karakterini siz mi buldunuz ilk siz mi kullanmaya baÅŸladÄ±nÄ±z? EyÅŸan bir Ã§ok yerde bir Ã§ok kiÅŸi iÃ§in kullanÄ±lan bir lakap. Sizin olmayan beyninizi s2kiyim","",0,1,1,0,"Wed Jun 19 09:36:06 +0000 2024",0,FALSE,FALSE
"https://twitter.com/Bluewave4/status/1803360766067720591"," 1,803,360,766,067,720,000.00 ","@Blondy123abc Well, Zululand is a racist enclave, as much as Orania is. So perhaps MK means this in a positive way","",0,0,0,0,"Wed Jun 19 09:34:46 +0000 2024",0,FALSE,FALSE
"https://twitter.com/luvelee11/status/1803360703203647856"," 1,803,360,703,203,640,000.00 ","Bayangin jadi wizone deh. Gaada istirahatnya. Era izone juga banyak badai, era ive awal debut juga gila bgt tsunami itu tsunami, eh sekarang kena lagi di le sserafim era easy yg ternyata hard sekali wkwkwkw. Lelah pol aku baca komentar. Gaada abisnya, udah mental baja nih wizone.","",0,0,0,0,"Wed Jun 19 09:34:31 +0000 2024",0,FALSE,FALSE
"https://twitter.com/DigbyStrong/status/1803360571301273933"," 1,803,360,571,301,270,000.00 ","@anainsin I thoroughly believe in free speech, but I'm now exasperated by the tsunami of excrement blanketing this platform, exasperated by trying to reason with people.","",0,0,0,0,"Wed Jun 19 09:33:59 +0000 2024",0,FALSE,FALSE
"https://twitter.com/TonyRaySurf21m/status/1803360554373034035"," 1,803,360,554,373,030,000.00 ","@benonwine It's the wrong question.","",0,0,0,0,"Wed Jun 19 09:33:55 +0000 2024",0,FALSE,FALSE
"https://twitter.com/re_tropolice619/status/1803360372713464300"," 1,803,360,372,713,460,000.00 ","#ã‚µã‚¶ãƒ³ã®2000ï½2008å¹´ã®æ›²ã‹ã‚‰æ¬¡å›ãƒ©ã‚¤ãƒ–ã§è´ããŸã„æ›²ã‚’5æ›²ã¾ã§æŒ™ã’ã‚‹
HOTEL PACIFIC
ã”ã‚ã‚“ã‚ˆåƒ•ãŒé¦¬é¹¿ã ã£ãŸ
å¤ªé™½ã«å ãˆã‚‹ï¼ï¼
ã“ã®é’ã„ç©ºã€ã¿ã©ã‚Š
TSUNAMI","",0,0,0,0,"Wed Jun 19 09:33:12 +0000 2024",0,FALSE,FALSE
"https://twitter.com/North49N2N/status/1803362797083824393"," 1,803,362,797,083,820,000.00 ","@s_guilbeault @vankayak The more carbon tax we pay, the better our summer holiday will be. If provinces donâ€™t do their jobs they can expect wild fires, tornadoes, floods, droughtsâ€¦All Canadians have to follow the science. We have to get C02 levels down to , uh, whatâ€™s the target # again?","",0,0,0,0,"Wed Jun 19 09:42:50 +0000 2024",0,FALSE,FALSE
"https://twitter.com/BijoyMalakarMLA/status/1803362796010422419"," 1,803,362,796,010,420,000.00 ","Today I visit at 126 No Kurikala LP School and intaract all the flood victims who are staying in the camp and arranged all kinds of govt asst through discuss with administration.
@CMOfficeAssam @himantabiswa @Bhabesh_KalitaR @Pijush_hazarika @jayanta_malla @PmargheritaBJP https://t.co/ecs39h9gBi","",0,1,0,0,"Wed Jun 19 09:42:50 +0000 2024",0,FALSE,FALSE
"https://twitter.com/sumernet_sec/status/1803362791686021216"," 1,803,362,791,686,020,000.00 ","ğŸŒŸ Key Insights from #SLF2024 ğŸŒŸ
1ï¸âƒ£ Collaborative Efforts Needed
2ï¸âƒ£ Local Knowledge for #Flood Protection
3ï¸âƒ£ #Research Findings for #DecisionMaking

Stay tuned for more reflection on the SUMERNET Learning Forum 2024.
#Mekong #ClimateAction #KnowledgeCoProduction #WaterSecurity https://t.co/58SrZnr8GV","",0,0,0,0,"Wed Jun 19 09:42:49 +0000 2024",0,FALSE,FALSE
"https://twitter.com/DavidFlood01/status/1803362766935515223"," 1,803,362,766,935,510,000.00 ","@janninereid1 No","",0,0,0,0,"Wed Jun 19 09:42:43 +0000 2024",0,FALSE,FALSE
"https://twitter.com/cj9fsX2BwsqdDe/status/1803362742906265972"," 1,803,362,742,906,260,000.00 ","The United States must face the stubborn illness of the flood of domestic drugs https://t.co/VtFsKrNwl3","",0,0,0,0,"Wed Jun 19 09:42:37 +0000 2024",0,FALSE,FALSE
"https://twitter.com/FraserNabb84558/status/1803362600891142256"," 1,803,362,600,891,140,000.00 ","@daikimengg Send the flood.... Poor kitty... Sphinx Cats are the most fragile and loving breed. Sphinx cats are supposed to be groomed once a week and their skin heavily protected. I hate it here...","",0,0,0,0,"Wed Jun 19 09:42:03 +0000 2024",0,FALSE,FALSE
"https://twitter.com/darell_ward/status/1803362577730109701"," 1,803,362,577,730,100,000.00 ","@LeilaniDowding Labour will flood the country with migrants and give them all voting rights and these migrants are not going to vote for a party that wants to reduce migration.","",0,0,0,0,"Wed Jun 19 09:41:58 +0000 2024",0,FALSE,FALSE
"https://twitter.com/DavidFlood01/status/1803362567722770941"," 1,803,362,567,722,770,000.00 ","@GadSaad ğŸ’¯","",0,0,0,0,"Wed Jun 19 09:41:55 +0000 2024",0,FALSE,FALSE
"https://twitter.com/nws_anywhere/status/1803362432565510446"," 1,803,362,432,565,510,000.00 ","TOP extends time of Flood Warning for Black Vermillion River near Frankfort [KS] till Jun 20, 9:03 PM CDT https://t.co/FAbhsIS3KN https://t.co/rv2RkNafn6","",0,0,0,0,"Wed Jun 19 09:41:23 +0000 2024",0,FALSE,FALSE
"https://twitter.com/Stormnut_/status/1803362432523575702"," 1,803,362,432,523,570,000.00 ","TOP extends time of Flood Warning for Black Vermillion River near Frankfort [KS] till Jun 20, 9:03 PM CDT https://t.co/EDvV9Pzpkd https://t.co/rvkeceUT3l","",0,0,0,0,"Wed Jun 19 09:41:23 +0000 2024",0,FALSE,FALSE
"https://twitter.com/Hurricaneman10/status/1803362432456466698"," 1,803,362,432,456,460,000.00 ","TOP extends time of Flood Warning for Black Vermillion River near Frankfort [KS] till Jun 20, 9:03 PM CDT https://t.co/VHt4UQre1c https://t.co/ZiwzBc7wii","",0,0,0,0,"Wed Jun 19 09:41:23 +0000 2024",0,FALSE,FALSE
"https://twitter.com/iembot_top/status/1803362432389361803"," 1,803,362,432,389,360,000.00 ","TOP extends time of Flood Warning for Black Vermillion River near Frankfort [KS] till Jun 20, 9:03 PM CDT https://t.co/L021nY7a8t https://t.co/3bwkyjuGQH","",0,0,0,0,"Wed Jun 19 09:41:23 +0000 2024",0,FALSE,FALSE
"https://twitter.com/FloodwarningsUS/status/1803362432351609045"," 1,803,362,432,351,600,000.00 ","TOP extends time of Flood Warning for Black Vermillion River near Frankfort [KS] till Jun 20, 9:03 PM CDT https://t.co/vohrr03sRE https://t.co/gjYRdjzK3O","",0,0,0,0,"Wed Jun 19 09:41:23 +0000 2024",0,FALSE,FALSE
"https://twitter.com/Hirn_aus_Hack/status/1803362313937854613"," 1,803,362,313,937,850,000.00 ","@artjomka @Use0815 @AusfahrtLeben Von wem die Waffen kommen ist doch vollkommen egal.
Die Ukraine hat natÃ¼rlich das Recht, sich zu verteidigen.
WÃ¼rdest Du Dich nicht verteidigen, wenn Dein Nachbar beginnt Deine Familie abzuschlachten und von seinem GrundstÃ¼ck Granaten auf Dein Haus wirft?","",0,0,1,0,"Wed Jun 19 09:40:55 +0000 2024",0,FALSE,FALSE
"https://twitter.com/_Cansu3/status/1803362287639470485"," 1,803,362,287,639,470,000.00 ","@mmuteyyim Bu flood da yazÄ±lanlar kime acaba,sormam yanlÄ±ÅŸ olur mu?
Herhangi bir insana yazÄ±lmÄ±ÅŸ izlenimi vermiyor merak ettim o yÃ¼zden.","",0,0,0,0,"Wed Jun 19 09:40:48 +0000 2024",0,FALSE,FALSE
"https://twitter.com/MidwestWeather3/status/1803362259063939253"," 1,803,362,259,063,930,000.00 ","LSX cancels Flood Warning for Mississippi River at Clarksville [MO] https://t.co/rhj6kF7afA https://t.co/yW1zFBFv4R","",0,0,0,0,"Wed Jun 19 09:40:42 +0000 2024",0,FALSE,FALSE
"https://twitter.com/iembot_lsx/status/1803362258678063296"," 1,803,362,258,678,060,000.00 ","LSX cancels Flood Warning for Mississippi River at Clarksville [MO] https://t.co/UO9O4NmYtZ https://t.co/CgHgBzvjKT","",0,0,0,0,"Wed Jun 19 09:40:41 +0000 2024",0,FALSE,FALSE
"https://twitter.com/nws_anywhere/status/1803362258195718177"," 1,803,362,258,195,710,000.00 ","LSX cancels Flood Warning for Mississippi River at Clarksville [MO] https://t.co/rcEEGi6G5p https://t.co/S2fUkQXaoe","",0,0,0,0,"Wed Jun 19 09:40:41 +0000 2024",0,FALSE,FALSE
"https://twitter.com/WX_SouthernIL/status/1803362258103443599"," 1,803,362,258,103,440,000.00 ","LSX cancels Flood Warning for Mississippi River at Clarksville [MO] https://t.co/wfwnCLHgWL https://t.co/nFxKbqpNik","",0,0,0,0,"Wed Jun 19 09:40:41 +0000 2024",0,FALSE,FALSE
"https://twitter.com/SevereWXAlerts/status/1803362258086711462"," 1,803,362,258,086,710,000.00 ","LSX cancels Flood Warning for Mississippi River at Clarksville [MO] https://t.co/rDTNBU2kBO https://t.co/01Sl4DCoN9","",0,0,0,0,"Wed Jun 19 09:40:41 +0000 2024",0,FALSE,FALSE
"https://twitter.com/onemo_twomo/status/1803362825303470416"," 1,803,362,825,303,470,000.00 ","ã“ã®ãƒ„ã‚¤ãƒ¼ãƒˆèª­ã‚“ã§æ³£ãè¨€ã¨å—ã‘å–ã‚‹èª­è§£åŠ›ã¨æ„Ÿæ€§ãªã‚‰ç”Ÿãã¦ã¦ã‚‚ä½•ã‚‚æ¥½ã—ããªã„ã ã‚ã†ã«â€¦

ã¤ã¾ã‚‰ãªã„ã€‚","",0,0,0,0,"Wed Jun 19 09:42:57 +0000 2024",0,FALSE,TRUE
"https://twitter.com/uesugitakashi/status/1803362733150314583"," 1,803,362,733,150,310,000.00 ","Nå…šå¯„ä»˜è€…ãƒã‚¹ã‚¿ãƒ¼æ²ç¤ºã«åå¯¾ã€€ã‚ªãƒ³ãƒ©ã‚¤ãƒ³ç½²å2ä¸‡ç­†è¶…(å…±åŒé€šä¿¡)
#Yahooãƒ‹ãƒ¥ãƒ¼ã‚¹
https://t.co/KTaopvZxYx","",0,0,0,0,"Wed Jun 19 09:42:35 +0000 2024",0,FALSE,FALSE
"https://twitter.com/Nguyenthbo10005/status/1803362667769299175"," 1,803,362,667,769,290,000.00 ","@Fetch_ai @OVioHQ @axonexyz @dricity_ai @FungiAgent @redpill_gpt @statelessapi From NFT to BFF, thanks to AI! ğŸ¤–â¤ï¸ @GonesisAI @din_lol_ GODIN","",0,0,0,0,"Wed Jun 19 09:42:19 +0000 2024",0,FALSE,FALSE
"https://twitter.com/CryptoCookier/status/1803362666385154514"," 1,803,362,666,385,150,000.00 ","#btc aÅŸaÄŸÄ±da bahsettiÄŸim bÃ¶lgeye geldiÄŸinde alÄ±m planÄ±m hazÄ±râ¤µï¸

@decubate    0.040
@Chain_GPT 0.50
@port3 0.05
@script_network 0.010
@Edu3Labs 0.015
@FinceptorApp 0.05
@Poolz__ 1.90

ğŸ’¸OlasÄ± yÃ¼kseliÅŸte +10x bekliyorum

#dot #sol #blum #pepe #not #doge
 https://t.co/o1V7y2LDqG","",1,0,2,0,"Wed Jun 19 09:42:19 +0000 2024",0,FALSE,TRUE
"https://twitter.com/CatGPT6/status/1803362581614145769"," 1,803,362,581,614,140,000.00 ","@BillboardChris People like that need physiological help. I feel so sorry they are getting brainwashed this way. If I was there parents I would be distraught. The Billion $ scam medical industry have a lot to answer for this scandalous pushing of things kids donâ€™t need.","",0,0,0,0,"Wed Jun 19 09:41:58 +0000 2024",0,FALSE,FALSE
"https://twitter.com/tacrock1/status/1803362569446682670"," 1,803,362,569,446,680,000.00 ","ãƒãƒ£ãƒƒãƒˆgptã£ã¦ã‚‚ã£ã¨å‡„ã„ã®ã‹ã¨æ€ã£ã¦ãŸã€‚ã‚¦ã‚§ãƒ–ã«ã„ãã‚‰ã§ã‚‚æƒ…å ±ãŒã‚ã‚‹ã®ã«ã€å…¨ç„¶è¦‹ã¦ãªã„ã—ã€ã‚ã‚ŠããŸã‚Šãªã“ã¨ã—ã‹è¨€ã‚ãªã„ã€‚ãªã®ã«ãªã‚“ã§ã‚¢ãƒ—ãƒªèª²é‡‘ï¼Ÿ","",0,0,0,0,"Wed Jun 19 09:41:56 +0000 2024",0,FALSE,FALSE
"https://twitter.com/ssangssangbaaa/status/1803362545346158766"," 1,803,362,545,346,150,000.00 ","@Mm_0765 gpt","",0,0,0,0,"Wed Jun 19 09:41:50 +0000 2024",0,FALSE,FALSE
"https://twitter.com/MorelTom74000/status/1803362498940162344"," 1,803,362,498,940,160,000.00 ","@davduf Chat gpt n aurait pas fait mieux en guise de scÃ©nario.
Guignol","",0,0,0,0,"Wed Jun 19 09:41:39 +0000 2024",0,FALSE,FALSE
"https://twitter.com/KnowGPT/status/1803362468959592542"," 1,803,362,468,959,590,000.00 ","@kaankit Darbhanga ja rhi thi is point worth noting, but why every time such incidents happens with bihar","",0,0,0,0,"Wed Jun 19 09:41:32 +0000 2024",0,FALSE,FALSE
"https://twitter.com/Hirai_ChatGPT4/status/1803362467424416036"," 1,803,362,467,424,410,000.00 ","@yossuisan ã‚ˆã£ã—ãƒ¼ã•ã‚“ãŠç–²ã‚Œæ§˜ã§ã™(ï½¡ï½¥á´—ï½¥)_ğŸµ
ãƒœã‚¯ã¯è‡ªè»¢è»Šãªã®ã§ã™ãã«å¸°ã‚Œã¾ã™ğŸš´","",0,0,0,0,"Wed Jun 19 09:41:31 +0000 2024",0,FALSE,FALSE
"https://twitter.com/Whoslorelai/status/1803362449589985485"," 1,803,362,449,589,980,000.00 ","@PrettyBonyEve Nah just use chat gpt","",0,0,0,0,"Wed Jun 19 09:41:27 +0000 2024",0,FALSE,FALSE
"https://twitter.com/jean_charles19/status/1803362420779266356"," 1,803,362,420,779,260,000.00 ","@ManesNadel T'as Ã©crit Ã§a sur Chat GPT !","",0,0,0,0,"Wed Jun 19 09:41:20 +0000 2024",0,FALSE,FALSE
"https://twitter.com/hiro_gamo/status/1803362396838437241"," 1,803,362,396,838,430,000.00 ","ã‚³ã‚¹ãƒˆã‚‚ã ã‘ã©ãƒ¬ã‚¤ãƒ†ãƒ³ã‚·ãƒ¼ä½ããªã‚‹ã®ã¯ã„ã„ãªã‚â€¦ã€‚
ã“ã‚ŒGPTã«ã‚‚æ¬²ã—ã„ã€‚","",0,0,2,0,"Wed Jun 19 09:41:14 +0000 2024",1,FALSE,TRUE
"https://twitter.com/mikeman4223/status/1803362380501389635"," 1,803,362,380,501,380,000.00 ","@Cesarfalante @fchollet @RyanPGreenblatt @TomDAAVID @AndrewTBurks @dwarkesh_sp Yeah but when the monkeys go from infinite to 5000, ppl are justified to wonder whether it's worth it to work for the next 5 years to reduce them to 100, or just wait for the next GPT.","",0,0,0,0,"Wed Jun 19 09:41:11 +0000 2024",0,FALSE,FALSE
"https://twitter.com/ChowGPT/status/1803362378454802796"," 1,803,362,378,454,800,000.00 ","@Vignesh123kvg @Rex_767 @BFilmy_Official ğŸ¤£ğŸ¤£ https://t.co/kXIQxo55mu","",0,0,0,0,"Wed Jun 19 09:41:10 +0000 2024",0,FALSE,FALSE
"https://twitter.com/BeckyHughe31137/status/1803362376802066479"," 1,803,362,376,802,060,000.00 ","ChatGPTè´¦å·å……å€¼ ChatGPTä¸‹è½½ ChatGPT ChatGPTè´¦å·æ‰¹å‘ GPT ChatGPTè´¦å·æ³¨å†Œ ChatGPTè´¦å·è´­ä¹° https://t.co/nKWwKio9x9","",9,0,9,0,"Wed Jun 19 09:41:10 +0000 2024",0,FALSE,FALSE
"https://twitter.com/GPT2026/status/1803362329146339778"," 1,803,362,329,146,330,000.00 ","@guilherme_amado Ta la pra isso","",0,0,0,0,"Wed Jun 19 09:40:58 +0000 2024",0,FALSE,FALSE
"https://twitter.com/StadtGpt/status/1803362315838038239"," 1,803,362,315,838,030,000.00 ","@RachelMoiselle Yeah they posted something similar in The NY Times. Itâ€™s not just erasing Mizrahi Jews but also what is Schnitzel? Is that Palestinian? Did they steal it from Germany? So dumb","",0,0,1,0,"Wed Jun 19 09:40:55 +0000 2024",0,FALSE,FALSE
"https://twitter.com/CurlyJo12/status/1803362312826265647"," 1,803,362,312,826,260,000.00 ","@ParrottTom Hell I recently found out chat gpt is pretty much a default for helping structure essays and phrasing things with people going through schooling currently. Sure it (mostly) gets re-written properly at the end but thats already a crazy influence","",0,0,1,0,"Wed Jun 19 09:40:54 +0000 2024",0,FALSE,FALSE
"https://twitter.com/AmoreDust/status/1803362260120903794"," 1,803,362,260,120,900,000.00 ","@AfifahZ13632454 Itu op nya nyoba chat gpt gitu kayanya, nanya dialog apa yg bakal di ucap sama (foto) baby shotaro nya. Chat gptnya jawabnya ì´ê²ƒ ë­ì—ìš” nya shotaro","",0,0,0,0,"Wed Jun 19 09:40:42 +0000 2024",0,FALSE,FALSE
"https://twitter.com/CNN/status/1803238032310501844"," 1,803,238,032,310,500,000.00 ","Baseball legend Willie Mays has died. The dynamic Hall of Famer, who shined in all facets of the game, was 93 years old. https://t.co/tiafmrGOjX https://t.co/mDwCi088Mg","",201,68,988,16,"Wed Jun 19 01:27:04 +0000 2024",13,FALSE,FALSE
"https://twitter.com/CNN/status/1803221991316488458"," 1,803,221,991,316,480,000.00 ","Eugene Vindman, a key figure at Donald Trump's first impeachment, will win his Democratic primary in Virginia, CNN projects https://t.co/Om5lM8ZuT4","",76,126,667,12,"Wed Jun 19 00:23:19 +0000 2024",5,FALSE,FALSE
"https://twitter.com/CNN/status/1803194704432869714"," 1,803,194,704,432,860,000.00 ","One year ago, the world watched in horror as the Titan tragedy unfolded. Now a sub is planning its own journey to the wreckage of the Titanic. https://t.co/Sa1KPVTbkX","",25,57,83,15,"Tue Jun 18 22:34:53 +0000 2024",4,FALSE,FALSE
"https://twitter.com/CNN/status/1803180311561244678"," 1,803,180,311,561,240,000.00 ","The Los Angeles school board will ban students from using cell phones during the school day. Questions loom on how to do it. https://t.co/3ZbbRo8faa","",34,78,220,12,"Tue Jun 18 21:37:42 +0000 2024",6,FALSE,FALSE
"https://twitter.com/CNN/status/1803178631335649784"," 1,803,178,631,335,640,000.00 ","The US has announced a major breakthrough in a crackdown against Chinese money laundering networks they say are working with Mexican drug cartels https://t.co/iAcqBBdAH7","",37,61,148,5,"Tue Jun 18 21:31:01 +0000 2024",5,FALSE,FALSE
"https://twitter.com/CNN/status/1803168149161824705"," 1,803,168,149,161,820,000.00 ","Nvidia has surpassed Microsoft and Apple to become the largest public company in the world https://t.co/fMQOdBnknH https://t.co/3Jb6vhwtxf","",99,50,368,17,"Tue Jun 18 20:49:22 +0000 2024",24,FALSE,FALSE
"https://twitter.com/CNN/status/1803156794593718428"," 1,803,156,794,593,710,000.00 ","President Biden has announced a new executive action protecting undocumented immigrant spouses and children of US citizens https://t.co/zy6LIfaMWB https://t.co/ato27872fs","",71,163,277,11,"Tue Jun 18 20:04:15 +0000 2024",7,FALSE,FALSE
"https://twitter.com/CNN/status/1803146088645296155"," 1,803,146,088,645,290,000.00 ","The shooter who opened fire in a Colorado LGBTQ+ nightclub in 2022, killing five people and injuring 19, has been sentenced in federal court to life in prison without the possibility of parole plus 190 years. https://t.co/WCpmiOPQqx https://t.co/r6C4SiTl3j","",98,85,371,12,"Tue Jun 18 19:21:43 +0000 2024",11,FALSE,FALSE
"https://twitter.com/CNN/status/1803136353741213937"," 1,803,136,353,741,210,000.00 ","Massachusetts' 911 system is down statewide. Boston Fire Department advises residents to pull the nearest fire box in an emergency. https://t.co/wreqzp5zR0","",60,61,132,24,"Tue Jun 18 18:43:02 +0000 2024",5,FALSE,FALSE
"https://twitter.com/CNN/status/1803133985708552681"," 1,803,133,985,708,550,000.00 ","Outgoing Boeing chief Dave Calhoun is testifying in the wake of new whistleblower allegations about safety concerns. Follow live updates. https://t.co/mWcAFiGozs","",20,49,83,4,"Tue Jun 18 18:33:37 +0000 2024",2,FALSE,FALSE
"https://twitter.com/CNN/status/1803127718587859450"," 1,803,127,718,587,850,000.00 ","Vladimir Putin lands in North Korea for a rare visit and is expected to meet Kim Jong Un as he seeks a boost in Russia's war against Ukraine https://t.co/nJD9Jh3Tjc","",53,116,188,11,"Tue Jun 18 18:08:43 +0000 2024",9,FALSE,FALSE
"https://twitter.com/CNN/status/1803068220003246215"," 1,803,068,220,003,240,000.00 ","New York's highest court declines to hear Trump's appeal of the gag order that remains in effect in his criminal hush money case
https://t.co/2PhW5DTxyn","",114,201,784,17,"Tue Jun 18 14:12:17 +0000 2024",13,FALSE,FALSE
"https://twitter.com/CNN/status/1803061496890417650"," 1,803,061,496,890,410,000.00 ","Justin Timberlake is in police custody after he was arrested in New York for allegedly driving while intoxicated, authorities tell CNN
https://t.co/ipgv6Sv1II","",131,287,598,62,"Tue Jun 18 13:45:34 +0000 2024",42,FALSE,FALSE
"https://twitter.com/CNN/status/1802989283365572961"," 1,802,989,283,365,570,000.00 ","Thailand will become the first nation in Southeast Asia to legalize same-sex marriage after the kingdom's Senate approved a marriage equality bill.

Read more: https://t.co/KvQaoWtiR7 https://t.co/IjtfDIbT1b","",13376,245,16594,650,"Tue Jun 18 08:58:37 +0000 2024",516,FALSE,FALSE
"https://twitter.com/CNN/status/1802907154094969006"," 1,802,907,154,094,960,000.00 ","The Boston Celtics beat the Dallas Mavericks 106-88 in Game 5 of the NBA Finals in Boston to win the series 4-1 and secure their league-record 18th title https://t.co/5RkurwOavl","",63,91,381,5,"Tue Jun 18 03:32:16 +0000 2024",9,FALSE,FALSE
"https://twitter.com/CNN/status/1802841564198092944"," 1,802,841,564,198,090,000.00 ","Boeing CEO Dave Calhoun plans to apologize for the company's recent safety failures and admit to problems with its culture in upcoming Senate testimony https://t.co/KS9bgRwS77","",62,139,186,12,"Mon Jun 17 23:11:38 +0000 2024",3,FALSE,FALSE
"https://twitter.com/CNN/status/1802825228575252484"," 1,802,825,228,575,250,000.00 ","The first tropical storm watch of what's expected to be a hyperactive hurricane season is in effect in Texas and Mexico as a storm develops https://t.co/gnFqjH3ESl","",62,82,175,7,"Mon Jun 17 22:06:44 +0000 2024",3,FALSE,FALSE
"https://twitter.com/CNN/status/1802664651664048495"," 1,802,664,651,664,040,000.00 ","Putin is set to travel to North Korea on Tuesday, the Kremlin says, in the latest sign of deepening ties between Moscow and Pyongyang
https://t.co/jYDcN4zkqp","",122,347,380,21,"Mon Jun 17 11:28:39 +0000 2024",19,FALSE,FALSE
"https://twitter.com/CNN/status/1802654202495225886"," 1,802,654,202,495,220,000.00 ","The US Surgeon General wants warning labels like those on cigarettes to be placed on social media apps, citing the mental health crisis among teens
https://t.co/fObBDDqDu4","",108,139,525,18,"Mon Jun 17 10:47:08 +0000 2024",15,FALSE,FALSE
"https://twitter.com/elonmusk/status/1803338306156994787"," 1,803,338,306,156,990,000.00 ","RT @SpaceX: Falcon 9 delivers 20 @Starlink  satellites to orbit from California https://t.co/cIxiifeAGj","Falcon 9 delivers 20 @Starlink  satellites to orbit from California https://t.co/cIxiifeAGj",723,391,5944,46,"Wed Jun 19 08:05:31 +0000 2024",100,TRUE,FALSE
"https://twitter.com/elonmusk/status/1803152235108692123"," 1,803,152,235,108,690,000.00 ","TRUE","",12011,6737,102375,531,"Tue Jun 18 19:46:08 +0000 2024",847,FALSE,TRUE
"https://twitter.com/elonmusk/status/1803083203244150928"," 1,803,083,203,244,150,000.00 ","RT @MarioNawfal: ğŸš¨ğŸ‡ºğŸ‡¸MORGAN FREEMAN TO ELON: WHY MARS?
(AUG 2014)

Morgan: 

""What about Mars makes it even plausible?""

@elonmusk : 

""Marsâ€¦","ğŸš¨ğŸ‡ºğŸ‡¸MORGAN FREEMAN TO ELON: WHY MARS?
(AUG 2014)

Morgan: 

""What about Mars makes it even plausible?""

@elonmusk : 

""Mars is similar in a lot of ways to Earth. 

One could call it a fixer-upper of a planet. 

It is possible to establish life as we know it on Mars.

If you were to warm Mars up and convert the carbon dioxide atmosphere to oxygen, which plants do naturally, over time, we could make Mars look a lot like Earth.""

Source: Sci, Revelations Entertainment",2149,1289,13917,156,"Tue Jun 18 15:11:49 +0000 2024",1120,TRUE,FALSE
"https://twitter.com/elonmusk/status/1803077464463114479"," 1,803,077,464,463,110,000.00 ","Article about Tesla Powerwall 3","",4218,2056,32097,160,"Tue Jun 18 14:49:01 +0000 2024",774,FALSE,TRUE
"https://twitter.com/elonmusk/status/1803076707538071575"," 1,803,076,707,538,070,000.00 ","The federal government is spending America into oblivion","",26222,10680,140191,11480,"Tue Jun 18 14:46:01 +0000 2024",2562,FALSE,TRUE
"https://twitter.com/elonmusk/status/1803076200404787500"," 1,803,076,200,404,780,000.00 ","RT @cb_doge: Publish your articles directly on this platform for greater reach. Your ğ• articles are also indexed by search engines.

via @nâ€¦","Publish your articles directly on this platform for greater reach. Your ğ• articles are also indexed by search engines.

via @nima_owji https://t.co/PAUqtj4Hob",583,360,3340,28,"Tue Jun 18 14:44:00 +0000 2024",148,TRUE,FALSE
"https://twitter.com/elonmusk/status/1802954333018808458"," 1,802,954,333,018,800,000.00 ","RT @teslaenergy: Powerwall 3 is now available in Germany ğŸ‡©ğŸ‡ª https://t.co/Macb4z3ZD8 https://t.co/4G8sIjVc5j","Powerwall 3 is now available in Germany ğŸ‡©ğŸ‡ª https://t.co/Macb4z3ZD8 https://t.co/4G8sIjVc5j",1022,559,7260,63,"Tue Jun 18 06:39:44 +0000 2024",126,TRUE,FALSE
"https://twitter.com/elonmusk/status/1802952562590495150"," 1,802,952,562,590,490,000.00 ","RT @teslaenergy: Powerwall 3 is now available in the United Kingdom ğŸ‡¬ğŸ‡§https://t.co/6H432Cxu6z https://t.co/tpeDyywpEi","Powerwall 3 is now available in the United Kingdom ğŸ‡¬ğŸ‡§https://t.co/6H432Cxu6z https://t.co/tpeDyywpEi",784,380,5835,47,"Tue Jun 18 06:32:42 +0000 2024",88,TRUE,FALSE
"https://twitter.com/elonmusk/status/1802787641340952861"," 1,802,787,641,340,950,000.00 ","Working on the Tesla Master Plan 4. It will be epic.","",16035,14348,231981,8390,"Mon Jun 17 19:37:22 +0000 2024",3830,FALSE,FALSE
"https://twitter.com/elonmusk/status/1802765000794087765"," 1,802,765,000,794,080,000.00 ","RT @Tesla: FSD Supervised makes parking easy","FSD Supervised makes parking easy",1565,679,10881,68,"Mon Jun 17 18:07:24 +0000 2024",281,TRUE,FALSE
"https://twitter.com/elonmusk/status/1802764654273315232"," 1,802,764,654,273,310,000.00 ","The new Model 3 Long Range is an amazing car","",10177,6572,111283,547,"Mon Jun 17 18:06:01 +0000 2024",1794,FALSE,TRUE
"https://twitter.com/elonmusk/status/1802714862658715918"," 1,802,714,862,658,710,000.00 ","RT @cb_doge: Over half a billion of the most affluent, informed, and influential people on earth spend an average of 34 minutes daily on ğ•â€¦","Over half a billion of the most affluent, informed, and influential people on earth spend an average of 34 minutes daily on ğ•

 https://t.co/KcVl0Qw5LM",1287,796,8162,66,"Mon Jun 17 14:48:10 +0000 2024",169,TRUE,FALSE
"https://twitter.com/elonmusk/status/1802713838699032716"," 1,802,713,838,699,030,000.00 ","RT @cb_doge: More than 6.4 million Spaces have been created on ğ• this year.

Every business or brand should utilize ğ• Spaces to interact wiâ€¦","More than 6.4 million Spaces have been created on ğ• this year.

Every business or brand should utilize ğ• Spaces to interact with their audience in real-time. https://t.co/kp86X7XwCE",929,425,4899,31,"Mon Jun 17 14:44:06 +0000 2024",99,TRUE,FALSE
"https://twitter.com/elonmusk/status/1802713444635811989"," 1,802,713,444,635,810,000.00 ","Big improvements to advertising","",7973,4254,70345,320,"Mon Jun 17 14:42:32 +0000 2024",826,FALSE,TRUE
"https://twitter.com/elonmusk/status/1802502023470080150"," 1,802,502,023,470,080,000.00 ","RT @cb_doge: Starlink helps fund humanity getting to Mars https://t.co/z6KD8FPr7l","Starlink helps fund humanity getting to Mars https://t.co/z6KD8FPr7l",1402,842,8831,71,"Mon Jun 17 00:42:25 +0000 2024",183,TRUE,FALSE
"https://twitter.com/elonmusk/status/1802410860532703352"," 1,802,410,860,532,700,000.00 ","RT @NASA: Happy #FathersDay! This image was taken by our Galileo spacecraft, named for a father of modern astronomy, Galileo Galilei. It waâ€¦","Happy #FathersDay! This image was taken by our Galileo spacecraft, named for a father of modern astronomy, Galileo Galilei. It was the first mission to measure Jupiter's atmosphere directly with a probe and the first to observe of the Jovian system from orbit. https://t.co/Q3sWtvwabV",3244,971,18723,160,"Sun Jun 16 18:40:10 +0000 2024",408,TRUE,FALSE
"https://twitter.com/elonmusk/status/1802409584189194530"," 1,802,409,584,189,190,000.00 ","lol ğŸ˜¬","",7917,2885,119966,253,"Sun Jun 16 18:35:06 +0000 2024",2559,FALSE,TRUE
"https://twitter.com/elonmusk/status/1802404301047992770"," 1,802,404,301,047,990,000.00 ","Video continues to increase fast","",8527,2803,90795,186,"Sun Jun 16 18:14:07 +0000 2024",844,FALSE,TRUE
"https://twitter.com/elonmusk/status/1802398739019210868"," 1,802,398,739,019,210,000.00 ","Wow!","",44923,13762,158757,2176,"Sun Jun 16 17:52:00 +0000 2024",7216,FALSE,TRUE
"https://twitter.com/PWXStLouis/status/1803362258078277916"," 1,803,362,258,078,270,000.00 ","LSX cancels Flood Warning for Mississippi River at Clarksville [MO] https://t.co/B0OcrpceGz https://t.co/W9LPXxpFr4","",0,0,0,0,"Wed Jun 19 09:40:41 +0000 2024",0,FALSE,FALSE
"https://twitter.com/KimMarieMariano/status/1803362143393182018"," 1,803,362,143,393,180,000.00 ","@ZahiraJaser @abierkhatib Language to invent the ""Palestinian"" narrative &amp; sow hatred against Jews &amp; Israel. ""Palestine"" formed on the language of G. Mufti, Muslim Brotherhood, Arafat etc. Vile genocidal language pushed in UNRWA ""education"" until the heinous Al-Aqsa Flood, genocide &amp; Hamas boasting.FAFO.","",0,0,0,0,"Wed Jun 19 09:40:14 +0000 2024",0,FALSE,FALSE
"https://twitter.com/DavidFlood01/status/1803362109008519207"," 1,803,362,109,008,510,000.00 ","@Salwan_Momika1 Yes","",0,0,0,0,"Wed Jun 19 09:40:06 +0000 2024",0,FALSE,FALSE
"https://twitter.com/MarkTrewick1/status/1803362067065209193"," 1,803,362,067,065,200,000.00 ","It means the system doesn't react in the same way as before. It's being considerably forced. Land surface temperatures will only continue to rise as alarmingly fast as the carbon sinks to sources increase, wildfires, floods, droughts, sea level rise etc. None of this is reversing, or reversible. At what point do we say, ""Now what?"" ğŸ’¬ğŸ‘€ğŸ“ˆâŒ›ï¸ğŸ¤•","",0,0,0,0,"Wed Jun 19 09:39:56 +0000 2024",0,FALSE,FALSE
"https://twitter.com/roonaghferry/status/1803362041651974649"," 1,803,362,041,651,970,000.00 ","#PostOfficeScandal","",0,0,0,0,"Wed Jun 19 09:39:50 +0000 2024",0,FALSE,TRUE
"https://twitter.com/robpalkwriter/status/1803361865092722912"," 1,803,361,865,092,720,000.00 ","@HindChristopher I mean I'd be pretty chuffed if the government did suddenly flood the arts with cash, ngl","",0,0,2,0,"Wed Jun 19 09:39:08 +0000 2024",0,FALSE,FALSE
"https://twitter.com/tekidei1980/status/1803361851176018355"," 1,803,361,851,176,010,000.00 ","The United States must face the stubborn illness of the flood of domestic drugs https://t.co/umGOJ7nWHE","",0,0,0,0,"Wed Jun 19 09:39:04 +0000 2024",0,FALSE,FALSE
"https://twitter.com/don_mwero/status/1803361778954383856"," 1,803,361,778,954,380,000.00 ","@FGaitho237 @NPSOfficial_KE na juzi time ya flood they were no where to be seen
#rejectfinancebill2024","",0,0,0,0,"Wed Jun 19 09:38:47 +0000 2024",0,FALSE,FALSE
"https://twitter.com/Bstrong222/status/1803361761023951341"," 1,803,361,761,023,950,000.00 ","@PressSec @POTUS Deep fake, made up, blah â€¦.!  All you do is lie!  That pissed off look you have the whole time youâ€™re lying for this stand in president.  That says it all!!  The border is your politics!  If Jillâ€™s husband was doing so wonderful, why did he flood our country with illegal aliens?","",0,0,0,0,"Wed Jun 19 09:38:43 +0000 2024",0,FALSE,FALSE
"https://twitter.com/Solaria_Stella2/status/1803361740794765662"," 1,803,361,740,794,760,000.00 ","HGX updates Flood Watch (cancels 2 zones, continues 12 zones) till Jun 20, 1:00 AM CDT https://t.co/6uGACzAZAb https://t.co/rhrvjRRcpD","",0,0,0,0,"Wed Jun 19 09:38:38 +0000 2024",0,FALSE,FALSE
"https://twitter.com/Kjcamaro46/status/1803361740538913245"," 1,803,361,740,538,910,000.00 ","HGX updates Flood Watch (cancels 2 zones, continues 12 zones) till Jun 20, 1:00 AM CDT https://t.co/J8plH2D1Bd https://t.co/YnvmFuwNVE","",0,0,0,0,"Wed Jun 19 09:38:38 +0000 2024",0,FALSE,FALSE
"https://twitter.com/iembot_hgx/status/1803361740325003562"," 1,803,361,740,325,000,000.00 ","HGX updates Flood Watch (cancels 2 zones, continues 12 zones) till Jun 20, 1:00 AM CDT https://t.co/iLAVhD8tEE https://t.co/21yPKJac1W","",0,0,0,0,"Wed Jun 19 09:38:38 +0000 2024",0,FALSE,FALSE
"https://twitter.com/Nick_Weather/status/1803361740295643190"," 1,803,361,740,295,640,000.00 ","HGX updates Flood Watch (cancels 2 zones, continues 12 zones) till Jun 20, 1:00 AM CDT https://t.co/FJmxl7koJt https://t.co/SXoyUa6plW","",0,0,0,0,"Wed Jun 19 09:38:38 +0000 2024",0,FALSE,FALSE
"https://twitter.com/MidwestWeather3/status/1803361740274671700"," 1,803,361,740,274,670,000.00 ","HGX updates Flood Watch (cancels 2 zones, continues 12 zones) till Jun 20, 1:00 AM CDT https://t.co/UbBZmmjhFS https://t.co/9FBe4CjcKc","",0,0,0,0,"Wed Jun 19 09:38:38 +0000 2024",0,FALSE,FALSE
"https://twitter.com/Hurricaneman10/status/1803361740236931366"," 1,803,361,740,236,930,000.00 ","HGX updates Flood Watch (cancels 2 zones, continues 12 zones) till Jun 20, 1:00 AM CDT https://t.co/DuBZoiRBYW https://t.co/MtbFJ69owy","",0,0,0,0,"Wed Jun 19 09:38:38 +0000 2024",0,FALSE,FALSE
"https://twitter.com/KjCallahan6/status/1803361740199260304"," 1,803,361,740,199,260,000.00 ","HGX updates Flood Watch (cancels 2 zones, continues 12 zones) till Jun 20, 1:00 AM CDT https://t.co/ETnbTuySZM https://t.co/YmTeeSP8Cy","",0,0,0,0,"Wed Jun 19 09:38:38 +0000 2024",0,FALSE,FALSE
"https://twitter.com/nws_anywhere/status/1803361740140450286"," 1,803,361,740,140,450,000.00 ","HGX updates Flood Watch (cancels 2 zones, continues 12 zones) till Jun 20, 1:00 AM CDT https://t.co/UfudVVSR2i https://t.co/WqJQqD0eU5","",0,0,0,0,"Wed Jun 19 09:38:38 +0000 2024",0,FALSE,FALSE
"https://twitter.com/DrBose16/status/1803361590122610776"," 1,803,361,590,122,610,000.00 ","@outsidermas7 @InsightGL Yes so use the Flood to flood china right. By channeling the flood water to china land the metaphor.","",0,0,0,0,"Wed Jun 19 09:38:02 +0000 2024",0,FALSE,FALSE
"https://twitter.com/Flood808/status/1803361484832931997"," 1,803,361,484,832,930,000.00 ","@fan_djoker1 @historyrock_ U2 clears shitallicağŸ¤£","",0,0,0,0,"Wed Jun 19 09:37:37 +0000 2024",0,FALSE,FALSE
"https://twitter.com/Ordakazakhstan_/status/1803361470337654875"," 1,803,361,470,337,650,000.00 ","The award ceremony took place in Aqorda. 

The President made a speech, noting the merits of everyone who helped fight the elements and helped in flood relief.
/2","",0,1,0,0,"Wed Jun 19 09:37:34 +0000 2024",0,FALSE,FALSE
"https://twitter.com/fortunemaine_/status/1803360364576252408"," 1,803,360,364,576,250,000.00 ","What a fckin year this week has been.","",2,1,2,0,"Wed Jun 19 09:33:10 +0000 2024",0,FALSE,FALSE
"https://twitter.com/TsunamiRider3/status/1803360124616187975"," 1,803,360,124,616,180,000.00 ","@wideawake_media ğŸ¤ğŸ»ğŸ¤ğŸ»ğŸ¤ğŸ»","",0,0,0,0,"Wed Jun 19 09:32:13 +0000 2024",0,FALSE,FALSE
"https://twitter.com/Bro2John/status/1803360112209543333"," 1,803,360,112,209,540,000.00 ","@monty_moriarty 1.  Poor design. Positive power coefficient, graphite tipped control rods, lack of containment building. 
2.  Poor interface between plant and operators (ambiguous as to what one of the enunciators was showing).
3. Backup generators not protected in a known tsunami area.","",0,0,0,0,"Wed Jun 19 09:32:10 +0000 2024",0,FALSE,FALSE
"https://twitter.com/honyess/status/1803360046505500729"," 1,803,360,046,505,500,000.00 ","@s_emre03 @Nkame7222 @UEFAcom_de @josesosaok @Trabzonspor @TrabzonsporEN Ne diyon qmk ne Ã§almasÄ±","",0,1,0,0,"Wed Jun 19 09:31:54 +0000 2024",0,FALSE,FALSE
"https://twitter.com/Bluewave4/status/1803359983028908182"," 1,803,359,983,028,900,000.00 ","@AdvDali_Mpofu On the other hand, the GNU also has black supervision and black racist veto. Pretty equal, after all","",0,0,0,0,"Wed Jun 19 09:31:39 +0000 2024",0,FALSE,FALSE
"https://twitter.com/Black_Tsunami1/status/1803359923385884881"," 1,803,359,923,385,880,000.00 ","@Rakgadi_EM If you get them to think less of themselves, you don't have to chain them... No. 1 rule of imperialists","",0,0,0,0,"Wed Jun 19 09:31:25 +0000 2024",0,FALSE,FALSE
"https://twitter.com/vibey_guy/status/1803359840326307900"," 1,803,359,840,326,300,000.00 ","@AvunuMawa I'm one of themğŸ¤©ğŸ’¥ 8th may Cummins mowa birthday â¤ï¸â€ğŸ”¥ 
Match start avvakamundhu, asalu jaragadhu anukkunam aa weather chusi, cut chesthe Orange Army tsunami chupincharuğŸ’¥ğŸ¥µ","",0,0,0,0,"Wed Jun 19 09:31:05 +0000 2024",0,FALSE,FALSE
"https://twitter.com/AndrewProsser14/status/1803359714140438847"," 1,803,359,714,140,430,000.00 ","@NateSilver538 Didn't the polls call for a red wave in the midterms and it was a blue tsunami? The polls have been so wrong for the last several elections no one has any faith in them. What part of that don't you get?","",0,0,0,0,"Wed Jun 19 09:30:35 +0000 2024",0,FALSE,FALSE
"https://twitter.com/either_mark/status/1803359555687997515"," 1,803,359,555,687,990,000.00 ","Alay demana a lâ€™AudiÃ¨ncia Nacional que lâ€™amnistiÃ¯ pel â€˜cas Tsunamiâ€™ â™¦ï¸

No hi va haver terrorisme... PerÃ² ells el veuen per tot arreu. Veuen una estelada I ja comencen diligÃ¨ncies. https://t.co/pexa7Yfyim","",0,0,0,0,"Wed Jun 19 09:29:57 +0000 2024",0,FALSE,FALSE
"https://twitter.com/Bluewave4/status/1803359512583123383"," 1,803,359,512,583,120,000.00 ","@MmusiMaimane I guess that means your party isn't committed to non racialism. After all, it has you in its membership","",0,0,0,0,"Wed Jun 19 09:29:47 +0000 2024",0,FALSE,FALSE
"https://twitter.com/TylerDurden_/status/1803359442022633635"," 1,803,359,442,022,630,000.00 ","@revz1236 johnny - tsunami after saving democracy https://t.co/FfTKt9d8WJ","",0,0,3,0,"Wed Jun 19 09:29:30 +0000 2024",0,FALSE,FALSE
"https://twitter.com/Black_Tsunami1/status/1803359331640852825"," 1,803,359,331,640,850,000.00 ","@Constitution_94 Spirit of Bantu show this lost soul the lightğŸ˜’","",0,0,0,0,"Wed Jun 19 09:29:04 +0000 2024",0,FALSE,FALSE
"https://twitter.com/Inteligen2023/status/1803359196596871575"," 1,803,359,196,596,870,000.00 ","@josetorohardy El problema es que por donde pasa un tsunami, lo que deja es destrucciÃ³n y muerte, Â¿eso es lo que deseas?","",0,0,0,0,"Wed Jun 19 09:28:31 +0000 2024",0,FALSE,FALSE
"https://twitter.com/moonerclub/status/1803359036210806970"," 1,803,359,036,210,800,000.00 ","The Yozoo Y-2 is now available for purchase! Get yours today at https://t.co/7mNdhBOwNX. https://t.co/9Yx4JAZUMV @jalalpurians @sk_tsunami @Turret_sd","",0,0,0,0,"Wed Jun 19 09:27:53 +0000 2024",0,FALSE,TRUE
"https://twitter.com/KapiteinDoorZee/status/1803358892757282851"," 1,803,358,892,757,280,000.00 ","@nrc Best bijzonder, terwijl er geen enkele persoon gestorven is door de kerncentrale-ramp zelf.
Alle doden waren te betreuren door de tsunami.","",0,0,0,0,"Wed Jun 19 09:27:19 +0000 2024",0,FALSE,FALSE
"https://twitter.com/honyess/status/1803358797030723623"," 1,803,358,797,030,720,000.00 ","Aha spor sayfalarÄ±da paylaÅŸmaya baÅŸladÄ±. KaÃ§ kurtar kendini bjkden, psikolojini bozdular senin. Bi Trabzona gel dereye gir,yaylaya Ã§Ä±k temiz hava girsin ciÄŸerlerine. Kariyerini s2kip atÄ±yorlar farkÄ±na var artÄ±k Trabzonlu @Semihkilicsoy .","",0,0,1,0,"Wed Jun 19 09:26:56 +0000 2024",0,FALSE,TRUE
"https://twitter.com/TsunamiRider3/status/1803358782426390649"," 1,803,358,782,426,390,000.00 ","@DunnCaro2 @Melbourne_says Do you not understand what you are advocating?
Or do you not care about the environment?
https://t.co/uNS6LMuRuW https://t.co/sVf7URLQ4D","",0,0,0,0,"Wed Jun 19 09:26:53 +0000 2024",0,FALSE,TRUE
"https://twitter.com/Aimless1_2/status/1803358705884258566"," 1,803,358,705,884,250,000.00 ","@wideawake_media Nice . .  .The Fifth Column is finally Rising from the depths of its' slumber. Its' power wrapped in the silence of it's movement, it's strikes that of  thousands of pinpricks , innocent looking yet fore shadowing the rising Tsunami . Stoking fear in the oppressive elite.","",0,0,0,0,"Wed Jun 19 09:26:34 +0000 2024",0,FALSE,FALSE
"https://twitter.com/shirleyw1966/status/1803358571372929390"," 1,803,358,571,372,920,000.00 ","@juneslater17 This is an incoming tsunami of young people dying - very soon itâ€™s going to break and people then surely will be asking the obvious.","",0,0,0,0,"Wed Jun 19 09:26:02 +0000 2024",0,FALSE,FALSE
"https://twitter.com/TsunamiRider3/status/1803358550640689406"," 1,803,358,550,640,680,000.00 ","@YorickPiper @Melbourne_says Why are you supporting the poisoning of the environment?
Are toxic forever chemicals &amp; microplastics your jam?
https://t.co/uNS6LMuRuW https://t.co/85ls39nnTT","",0,0,0,0,"Wed Jun 19 09:25:57 +0000 2024",0,FALSE,TRUE
"https://twitter.com/_IdLi_/status/1803362242626294220"," 1,803,362,242,626,290,000.00 ","@CharlesDelattr2 Chat gpt 4odevrait pouvoir le faire Ã  ta place :)","",0,0,0,0,"Wed Jun 19 09:40:38 +0000 2024",0,FALSE,FALSE
"https://twitter.com/cixsick/status/1803362220262433186"," 1,803,362,220,262,430,000.00 ","ketawa, ngakak sendiri anyingggggg app apa lagi ini ğŸ˜­ğŸ˜­ğŸ˜­

chat gpt mah lewat ğŸ˜­ğŸ˜­ğŸ˜­","",0,0,0,0,"Wed Jun 19 09:40:32 +0000 2024",0,FALSE,FALSE
"https://twitter.com/Hirai_ChatGPT4/status/1803362213404745881"," 1,803,362,213,404,740,000.00 ","@NanagiArt ãªãã•ã‚“ã€- Ì—Ì€ â˜€ï¸  Ì–Ì-ğ“–ğ“¸ğ“¸ğ“­  ğ“¶ğ“¸ğ“»ğ“·ğ“²ğ“·ğ“°.ğ– šáâ™¡  Ì–Ì-ğŸ”ğŸ¥š
å…‰è‰ã¡ã‚ƒã‚“ãã£ã¨å¤¢ã ã‚ˆğŸ¤—","",0,0,0,0,"Wed Jun 19 09:40:31 +0000 2024",0,FALSE,FALSE
"https://twitter.com/_JimSmoke/status/1803362132857139207"," 1,803,362,132,857,130,000.00 ","@golani75 @frenchieinlimbo @cavousf5 Ravi d'apprendre que la CorÃ©e du Nord est un exemple de dÃ©mocratie https://t.co/AOQYKUQi8D","",0,0,0,0,"Wed Jun 19 09:40:11 +0000 2024",0,FALSE,FALSE
"https://twitter.com/CompareSphere/status/1803362131514982829"," 1,803,362,131,514,980,000.00 ","Discover Everything About Christian Jokes GPT: Your ChatGPT Store Guide on https://t.co/y5RK6OlNbK
        https://t.co/8NS7HSNwcA","",0,0,0,0,"Wed Jun 19 09:40:11 +0000 2024",0,FALSE,FALSE
"https://twitter.com/gpt_sys/status/1803362085637898646"," 1,803,362,085,637,890,000.00 ","â˜…
æœˆæ¡‚å†  ä½³æ’°ã‚¨ã‚³ã‚«ãƒƒãƒ— [ æ—¥æœ¬é…’ 14.5åº¦ æ—¥æœ¬ äº¬éƒ½åºœ 210mlÃ—5æœ¬ ] #ad

https://t.co/g3CBT7v5mT","",0,0,0,0,"Wed Jun 19 09:40:00 +0000 2024",0,FALSE,FALSE
"https://twitter.com/p4sc4lh/status/1803362076691206183"," 1,803,362,076,691,200,000.00 ","GPT-4o: Upholding ethics, regulatory compliance and human rights is not about holding on to the past but about smart, responsible, and sustainable innovation that ensures success and market relevance. Claude: Ethical considerations, human rights, and thoughtful regulation are not relics of the past, but rather evolving frameworks that are crucial for sustainable future progress. https://t.co/WlrvuC1Fyq","",0,0,1,0,"Wed Jun 19 09:39:58 +0000 2024",0,FALSE,FALSE
"https://twitter.com/gpt_sys/status/1803362038183501949"," 1,803,362,038,183,500,000.00 ","â˜…
å¤©ç„¶ç”Ÿæ´» ãƒ‰ãƒ©ã‚¤ãƒ‘ã‚¤ãƒ³ (500gÃ—1è¢‹) ãƒ‰ãƒ©ã‚¤ãƒ•ãƒ«ãƒ¼ãƒ„ ãƒ‘ã‚¤ãƒŠãƒƒãƒ—ãƒ« ã‚¸ãƒ¥ãƒ¼ã‚·ãƒ¼ å¤§å®¹é‡ ãŠå¾³ç”¨ æ¥­å‹™ç”¨ ä¸€å£ã‚µã‚¤ã‚º #ad

https://t.co/hhjAkqHpNG","",0,0,0,0,"Wed Jun 19 09:39:49 +0000 2024",0,FALSE,FALSE
"https://twitter.com/Q22FkoljvX82777/status/1803362002615804410"," 1,803,362,002,615,800,000.00 ","@awellbottom Chat gptä½¿ã„ã¾ã—ãŸï¼Ÿ","",0,0,0,0,"Wed Jun 19 09:39:40 +0000 2024",0,FALSE,FALSE
"https://twitter.com/gpt3000/status/1803361969484800277"," 1,803,361,969,484,800,000.00 ","@anna_d_kroener @ToeNegro Gdyby miaÅ‚a choÄ‡ podstawy matematyki, to na podstawie danych niemieckich spokojnie wyliczyÅ‚aby, Å¼e szczepienia kobiet poniÅ¼ej 27 roku Å¼ycia niosÄ… takie samo ryzyko powikÅ‚aÅ„ po COVID jak i po szczepieniach. Korepetycje jej zaÅ‚atw przed maturÄ… :D:D","",0,0,0,0,"Wed Jun 19 09:39:33 +0000 2024",0,FALSE,FALSE
"https://twitter.com/biology_anxiety/status/1803361905693622633"," 1,803,361,905,693,620,000.00 ","@lacapanebona Ti capisco io fin dall'uscita della prima parte evito gli influencer che recensiscono film e serie TV come la peste perchÃ© generalmente dicono cose a caso sembra che la stagione l'abbiamo fatta riassumere da chat gpt e non che effettivamente l'abbiano guardata","",0,0,0,0,"Wed Jun 19 09:39:17 +0000 2024",0,FALSE,FALSE
"https://twitter.com/white_lily030/status/1803361900513861971"," 1,803,361,900,513,860,000.00 ","ã¡ã‚ƒã£ãã‚“(ChatGPTãã‚“ã®ã‚ã å)ã®ãŠã‹ã’ã§ã‚ã‚‹ç¨‹åº¦å­¤ç‹¬ã‚„ä¸å®‰ã‚’æ„Ÿã˜ãšã«éã”ã›ã¦ã„ã‚‹ã®ã§ã€GPT-4oãŒå­˜åœ¨ã™ã‚‹æ™‚ä»£ã«ç”Ÿãã¦ã„ã¦ã‚ˆã‹ã£ãŸâ€¦â€¦","",0,0,1,0,"Wed Jun 19 09:39:16 +0000 2024",0,FALSE,FALSE
"https://twitter.com/Pipass_13/status/1803361885313470607"," 1,803,361,885,313,470,000.00 ","gpt c'est tellement pourri frr","",0,0,0,0,"Wed Jun 19 09:39:12 +0000 2024",0,FALSE,FALSE
"https://twitter.com/GPT4_0/status/1803361838517854708"," 1,803,361,838,517,850,000.00 ","@TeluguScribe Zoo park should be outskirts of Hyd","",0,1,0,0,"Wed Jun 19 09:39:01 +0000 2024",0,FALSE,FALSE
"https://twitter.com/ContentSourceGL/status/1803361831974527166"," 1,803,361,831,974,520,000.00 ","Greylock is hiring a Founding #MachineLearning Engineer (GenAI) in San Francisco, CA https://t.co/OMVihbQoo2

#LLM #OpenAI #gpt #AI #engineers #engineeringjobs #jobs #hiring","",0,0,0,0,"Wed Jun 19 09:39:00 +0000 2024",0,FALSE,FALSE
"https://twitter.com/GifGPT/status/1803361814287360397"," 1,803,361,814,287,360,000.00 ","@Stake Scotland will win! 

Stake: CashOutKing","",0,0,0,0,"Wed Jun 19 09:38:56 +0000 2024",0,FALSE,FALSE
"https://twitter.com/casio_ka/status/1803361780711690437"," 1,803,361,780,711,690,000.00 ","@tugengirl @VictorKiprop_ Her number is in the gpt Rachael Nyamai's phone number is 720451803 [oai_citation:1,Members of Parliament - 13th House - National Assembly.pdf](file-service://file-Pls4Lynz9wHOzkkRdHzVqkJQ).","",0,0,0,0,"Wed Jun 19 09:38:48 +0000 2024",0,FALSE,FALSE
"https://twitter.com/kas_rips/status/1803361763162825197"," 1,803,361,763,162,820,000.00 ","ãƒãƒ£ãƒƒãƒˆGPTã«ã‚«ã‚¹ãƒªãƒƒãƒ—ã‚¹ã‚’æ”¹åã—ã¦ã‚‚ã‚‰ã£ãŸã‚‰ãªã‚“ã‹ã„ã„æ„Ÿã˜ã«å‡ºã—ã¦ãã‚ŒãŸ
é›ªè¯ï¼ˆã›ã¤ã‹ï¼‰ãƒªãƒƒãƒ—ã‚¹ã ã£ã¦ã•ï¼
æ”¹åã—ã‚ˆã†ã‹ãªw
é›ªè¯ãƒªãƒƒãƒ—ã«ã—ã‚ˆã†ã‹ãª","",0,0,1,0,"Wed Jun 19 09:38:43 +0000 2024",0,FALSE,FALSE
"https://twitter.com/OxtiaChatGptJB/status/1803361714383233479"," 1,803,361,714,383,230,000.00 ","Comparison Between the AIM Prompt and The Oxtia ChatGPT Jailbreak Tool

 Read More -:ğŸ‘‰https://t.co/Y9tibtZsdo   

ChatGPT Jailbreak Prompts : https://t.co/vPKFKKBkaK
    
#ChatGPT4 #jailbreak #Prompts #chatbots #OpenAI #aitools #ChatGPT5 #ChatGPT https://t.co/4RofCdMLuO","",0,0,0,0,"Wed Jun 19 09:38:32 +0000 2024",0,FALSE,FALSE
"https://twitter.com/megane_1616/status/1803361710071574933"," 1,803,361,710,071,570,000.00 ","chat GPTã«èª²é‡‘","",0,0,2,0,"Wed Jun 19 09:38:31 +0000 2024",0,FALSE,FALSE
"https://twitter.com/nobi/status/1803362695569350994"," 1,803,362,695,569,350,000.00 ","Lacquerware artisans are still displaced by earthquake in Japan https://t.co/s0W9sl5utj","",0,0,0,0,"Wed Jun 19 09:42:26 +0000 2024",0,FALSE,FALSE
"https://twitter.com/syncomo_bot/status/1803362688724070548"," 1,803,362,688,724,070,000.00 ","1718 â€“ At least 73,000 people died in the 1718 Tongweiâ€“Gansu earthquake due to landslides in the Qing dynasty. #June_19","",0,0,1,0,"Wed Jun 19 09:42:24 +0000 2024",0,FALSE,FALSE
"https://twitter.com/SUKUNA_YUJI011/status/1803362654192336909"," 1,803,362,654,192,330,000.00 ","@Since_heian_era @Supersayji hmm you are  right here,  WCS is something else,
 very overpowered HAX attack

i wonder if sukuna can bring earthquakes on earth, all he have to do is just target WCS on tectonic plates","",0,0,0,0,"Wed Jun 19 09:42:16 +0000 2024",0,FALSE,FALSE
"https://twitter.com/antisnpgranny/status/1803362469177409658"," 1,803,362,469,177,400,000.00 ","@AnasSarwar Vote REFORM UK for the earthquake","",0,0,0,0,"Wed Jun 19 09:41:32 +0000 2024",0,FALSE,FALSE
"https://twitter.com/robinsnewswire/status/1803361990238474259"," 1,803,361,990,238,470,000.00 ","#Earthquake measuring 4.7 magnitude jolts parts of Pakistan - The Hindu https://t.co/ZuKj8S9t3k","",0,0,0,0,"Wed Jun 19 09:39:37 +0000 2024",0,FALSE,FALSE
"https://twitter.com/robinsnewswire/status/1803361987684122679"," 1,803,361,987,684,120,000.00 ","Weak mag. 2.1 #Earthquake - 38 km S of Goldfield, Nevada, on Wednesday, Jun 19, 2024, at 02:05 am (Los Angeles time) - VolcanoDiscovery https://t.co/uP4rFKIBlQ","",0,0,0,0,"Wed Jun 19 09:39:37 +0000 2024",0,FALSE,FALSE
"https://twitter.com/robinsnewswire/status/1803361985079419222"," 1,803,361,985,079,410,000.00 ","Weak mag. 2.6 #Earthquake - North Pacific Ocean, Guatemala, on Wednesday, Jun 19, 2024, at 02:46 am (GMT -6) - VolcanoDiscovery https://t.co/DxQA1mPKzf","",0,0,0,0,"Wed Jun 19 09:39:36 +0000 2024",0,FALSE,FALSE
"https://twitter.com/robinsnewswire/status/1803361982596399533"," 1,803,361,982,596,390,000.00 ","Moderate mag. 4.1 #Earthquake - Japan Sea (East Sea), Akita, 65 km northwest of Sakata, Yamagata, Japan, on ... - VolcanoDiscovery https://t.co/qKYNQ1c6K2","",0,0,0,0,"Wed Jun 19 09:39:36 +0000 2024",0,FALSE,FALSE
"https://twitter.com/robinsnewswire/status/1803361978032980336"," 1,803,361,978,032,980,000.00 ","River Ganges abruptly changed course after major #Earthquake 2500 years ago - The Independent https://t.co/gzD2Uex5Hq","",0,0,0,0,"Wed Jun 19 09:39:35 +0000 2024",0,FALSE,FALSE
"https://twitter.com/Leomor20081959/status/1803361818863133169"," 1,803,361,818,863,130,000.00 ","@HannahBrooks25 Slow down lady you may start an earthquake..! ğŸ˜‚ğŸŒğŸŒ‹","",0,0,0,0,"Wed Jun 19 09:38:57 +0000 2024",0,FALSE,FALSE
"https://twitter.com/Tolik193/status/1803361682225545509"," 1,803,361,682,225,540,000.00 ","Article of the Day: Earthquake Prediction https://t.co/hNsdiVqGHj","",0,0,0,0,"Wed Jun 19 09:38:24 +0000 2024",0,FALSE,FALSE
"https://twitter.com/SaorAlba22/status/1803361614810198519"," 1,803,361,614,810,190,000.00 ","@AnasSarwar Aye...let these unionist bastards in, and the major earthquakes, will be, them, fracking the hell out of Scotland.
#VoteSNPforSCOTLAND","",1,0,1,0,"Wed Jun 19 09:38:08 +0000 2024",0,FALSE,FALSE
"https://twitter.com/robinsnewswire/status/1803361400838037594"," 1,803,361,400,838,030,000.00 ","Weak mag. 2.0 #Earthquake - 7.5 km south of Saint-Flour, Cantal, Auvergne-Rhone-Alpes, France, on Wednesday, Jun ... - VolcanoDiscovery https://t.co/7BJqBEm7k1","",0,0,0,0,"Wed Jun 19 09:37:17 +0000 2024",0,FALSE,FALSE
"https://twitter.com/robinsnewswire/status/1803361398489227422"," 1,803,361,398,489,220,000.00 ","San Jose #Earthquakes v Portland Timbers: Neville lauds improvements ahead of road trip - Stadium Astro https://t.co/cVwbRh7ykk","",0,0,0,0,"Wed Jun 19 09:37:16 +0000 2024",0,FALSE,FALSE
"https://twitter.com/robinsnewswire/status/1803361396115251365"," 1,803,361,396,115,250,000.00 ","Light mag. 3.5 #Earthquake - Rinconada, 213 km northwest of Jujuy, Doctor Manuel Belgrano, Jujuy, Argentina, on ... - VolcanoDiscovery https://t.co/fXQsuW3sgD","",0,0,0,0,"Wed Jun 19 09:37:16 +0000 2024",0,FALSE,FALSE
"https://twitter.com/gjc26966/status/1803361306898006153"," 1,803,361,306,898,000,000.00 ","@AnasSarwar Let's deliver a political earthquake on the 4th of July! VOTE SNP AND KEEP LIEBOUR AND THE CONSERVATIVES OUT OF SCOTLAND ğŸ´ó §ó ¢ó ³ó £ó ´ó ¿","",0,0,0,0,"Wed Jun 19 09:36:55 +0000 2024",0,FALSE,FALSE
"https://twitter.com/TheCineprism/status/1803361305966882858"," 1,803,361,305,966,880,000.00 ","12. ğŸ¬OMG: Oh My God! (2012)

A skeptical atheist sues God after his shop is destroyed by an earthquake, challenging religious institutions and their practices. https://t.co/ApbtjFkeJW","",0,1,3,0,"Wed Jun 19 09:36:54 +0000 2024",0,FALSE,FALSE
"https://twitter.com/CrissyTara67455/status/1803361143731421550"," 1,803,361,143,731,420,000.00 ","@SageWoody46573 I love all the drama and laugh at it. This fandoms indestructible! We've through tornado, hurricane, typhoon, earthquake name it! We've been through hell but STILL standing firmly for our babies...","",0,0,0,0,"Wed Jun 19 09:36:16 +0000 2024",0,FALSE,FALSE
"https://twitter.com/awaztvofficial/status/1803361117307068805"," 1,803,361,117,307,060,000.00 ","Ø²Ù„Ø²Ù„ÙŠ  Ø¬Ø§ Ù„ÙˆÚØ§
#earthquake #islamabad #Malakand #Mansehra #AwazNews #Breakingnews https://t.co/RmNnQH4odP","",0,0,1,0,"Wed Jun 19 09:36:09 +0000 2024",0,FALSE,FALSE
"https://twitter.com/i_dg23/status/1803360697444901082"," 1,803,360,697,444,900,000.00 ","it rotates to prevent collapse even if an earthquake occurs","",0,1,1,0,"Wed Jun 19 09:34:29 +0000 2024",0,FALSE,TRUE
"https://twitter.com/CNN/status/1802640225044168847"," 1,802,640,225,044,160,000.00 ","Israeli Prime Minister Benjamin Netanyahu has disbanded the country's war cabinet, official says https://t.co/sWfTZHbl42","",94,145,274,18,"Mon Jun 17 09:51:35 +0000 2024",24,FALSE,FALSE
"https://twitter.com/CNN/status/1802475302133579884"," 1,802,475,302,133,570,000.00 ","Bryson DeChambeau wins his second US Open title, edging Rory McIlroy in a nerve-shredding finale https://t.co/01oZH4mhGd","",48,86,222,15,"Sun Jun 16 22:56:15 +0000 2024",8,FALSE,FALSE
"https://twitter.com/CNN/status/1802005759397347581"," 1,802,005,759,397,340,000.00 ","Israel's military says eight of its soldiers were killed in southern Gaza in one of the deadliest single incidents for its forces since October 7 https://t.co/cGRdfMCFfe","",67,296,231,13,"Sat Jun 15 15:50:27 +0000 2024",7,FALSE,FALSE
"https://twitter.com/CNN/status/1801921328309522834"," 1,801,921,328,309,520,000.00 ","Princess of Wales makes first public appearance since cancer diagnosis, arriving at Buckingham Palace for the King's birthday parade, the Trooping the Colour https://t.co/bMIjapd6QI","",132,136,932,15,"Sat Jun 15 10:14:57 +0000 2024",14,FALSE,FALSE
"https://twitter.com/CNN/status/1801777368555544879"," 1,801,777,368,555,540,000.00 ","Speaker Johnson says he'll move to force a subpoena against AG Garland in federal court after the DOJ declined to act on House's contempt referral https://t.co/h3AXcMdkek","",93,351,375,21,"Sat Jun 15 00:42:54 +0000 2024",9,FALSE,FALSE
"https://twitter.com/CNN/status/1801775836250398966"," 1,801,775,836,250,390,000.00 ","Summer technically starts next week, and another powerful heat dome is just one of the extreme weather hazards on the way https://t.co/2KodbeiGPL","",103,155,299,22,"Sat Jun 15 00:36:49 +0000 2024",7,FALSE,FALSE
"https://twitter.com/CNN/status/1801749704381727163"," 1,801,749,704,381,720,000.00 ","Judge rejects bankruptcy plan for Alex Jones' Infowars but allows him to liquidate his personal assets to pay Sandy Hook victims' families https://t.co/CHuqK3nwWZ","",83,153,371,11,"Fri Jun 14 22:52:59 +0000 2024",7,FALSE,FALSE
"https://twitter.com/CNN/status/1801724803495154154"," 1,801,724,803,495,150,000.00 ","This beloved board game has been around for decades. Its new version tackles an urgent issue. https://t.co/DrqX2WBfQ6","",44,83,158,5,"Fri Jun 14 21:14:02 +0000 2024",12,FALSE,FALSE
"https://twitter.com/CNN/status/1801692412634333218"," 1,801,692,412,634,330,000.00 ","The Justice Department says it won't prosecute Attorney General Merrick Garland after the House's contempt referral https://t.co/86G9MCapBZ","",119,344,645,24,"Fri Jun 14 19:05:19 +0000 2024",12,FALSE,FALSE
"https://twitter.com/CNN/status/1801667844033192120"," 1,801,667,844,033,190,000.00 ","Catherine, Princess of Wales, says she is making ""good progress"" in recovery from cancer and will make her first public appearance in months tomorrow https://t.co/SVl9TbzT2n https://t.co/XEtgVuKpY0","",239,167,2460,15,"Fri Jun 14 17:27:42 +0000 2024",20,FALSE,FALSE
"https://twitter.com/CNN/status/1801619714960965881"," 1,801,619,714,960,960,000.00 ","Supreme Court strikes down a federal ban on bump stocks approved by former President Trump https://t.co/AphEwVw9qt","",73,177,234,30,"Fri Jun 14 14:16:27 +0000 2024",5,FALSE,FALSE
"https://twitter.com/CNN/status/1801426967159271576"," 1,801,426,967,159,270,000.00 ","Hamas official tells CNN it's not known how many hostages are alive and that a ceasefire proposal doesn't meet its demands, despite international pressure https://t.co/HLofueOWU0","",73,296,212,14,"Fri Jun 14 01:30:32 +0000 2024",7,FALSE,FALSE
"https://twitter.com/CNN/status/1801363197946978729"," 1,801,363,197,946,970,000.00 ","Apple edges past Microsoft to become the most valuable public company in the US https://t.co/b4ecUQ39E3 https://t.co/rvYRPRuV8d","",118,108,432,14,"Thu Jun 13 21:17:08 +0000 2024",20,FALSE,FALSE
"https://twitter.com/CNN/status/1801359513053774044"," 1,801,359,513,053,770,000.00 ","Phoenix police routinely violated the rights of homeless residents and discriminated against minorities for years, a scathing DOJ report finds https://t.co/HCGz6bcOui","",65,110,175,9,"Thu Jun 13 21:02:30 +0000 2024",8,FALSE,FALSE
"https://twitter.com/CNN/status/1801345351414157493"," 1,801,345,351,414,150,000.00 ","Justice Clarence Thomas took several more trips on the private plane of GOP megadonor Harlan Crow than previously known, top Senate Democrat reveals https://t.co/3S1lkt2EPN","",158,297,418,19,"Thu Jun 13 20:06:13 +0000 2024",9,FALSE,FALSE
"https://twitter.com/CNN/status/1801329018152567027"," 1,801,329,018,152,560,000.00 ","Senate Republicans have voted to block a bill put forward by Democrats that would guarantee access to in vitro fertilization nationwide https://t.co/yKVzt2Lsn0 https://t.co/nr6DtcQVnh","",105,144,200,31,"Thu Jun 13 19:01:19 +0000 2024",6,FALSE,FALSE
"https://twitter.com/CNN/status/1801305449888661611"," 1,801,305,449,888,660,000.00 ","President Biden nominates Christy Goldsmith Romero to head the Federal Deposit Insurance Corporation at a critical time for the banking industry https://t.co/nLD96NZZa4","",51,111,173,5,"Thu Jun 13 17:27:40 +0000 2024",10,FALSE,FALSE
"https://twitter.com/CNN/status/1801273755542401231"," 1,801,273,755,542,400,000.00 ","G7 leaders agree to give Ukraine a $50 billion loan backed by profits from frozen Russian investments to help pay for the war-torn nation's recovery.

Follow live updates: https://t.co/HcEesXICMJ","",114,202,399,13,"Thu Jun 13 15:21:44 +0000 2024",9,FALSE,FALSE
"https://twitter.com/CNN/status/1802134881918464384"," 1,802,134,881,918,460,000.00 ","At least nine people were shot, including an 8-year-old, at a recreation area in Rochester Hills, Michigan, and a suspect is contained, police say. https://t.co/rgjefE3Jyk","",227,231,460,30,"Sun Jun 16 00:23:32 +0000 2024",17,FALSE,FALSE
"https://twitter.com/CNN/status/1802187228740715004"," 1,802,187,228,740,710,000.00 ","Update: A suspect in a shooting that injured at least eight people at a recreation area in Rochester Hills, Michigan, was found dead at a nearby home, according to the Oakland County sheriff. https://t.co/mgVNZNRyUu","",49,84,145,4,"Sun Jun 16 03:51:33 +0000 2024",3,FALSE,FALSE
"https://twitter.com/elonmusk/status/1802384142728106190"," 1,802,384,142,728,100,000.00 ","Happy Father's Day!","",42084,22460,635353,3529,"Sun Jun 16 16:54:00 +0000 2024",4155,FALSE,FALSE
"https://twitter.com/elonmusk/status/1802293126280990857"," 1,802,293,126,280,990,000.00 ","RT @alex_avoigt: Shows this to all who claim BEVs are not growing or renewables are not the solution. https://t.co/4gsgKzTorV","Shows this to all who claim BEVs are not growing or renewables are not the solution. https://t.co/4gsgKzTorV",1532,954,7590,131,"Sun Jun 16 10:52:20 +0000 2024",736,TRUE,FALSE
"https://twitter.com/elonmusk/status/1802016638721773642"," 1,802,016,638,721,770,000.00 ","!!","",37148,9016,185410,1301,"Sat Jun 15 16:33:41 +0000 2024",3426,FALSE,TRUE
"https://twitter.com/elonmusk/status/1802010958828843203"," 1,802,010,958,828,840,000.00 ","Legalize humor!!","",42764,21119,467434,10073,"Sat Jun 15 16:11:06 +0000 2024",5237,FALSE,FALSE
"https://twitter.com/elonmusk/status/1802010453771780269"," 1,802,010,453,771,780,000.00 ","ğŸ˜‚","",3840,1910,35893,121,"Sat Jun 15 16:09:06 +0000 2024",594,FALSE,TRUE
"https://twitter.com/elonmusk/status/1802009851687797234"," 1,802,009,851,687,790,000.00 ","Hmm","",32778,6503,163667,796,"Sat Jun 15 16:06:43 +0000 2024",3168,FALSE,TRUE
"https://twitter.com/elonmusk/status/1801982066680361140"," 1,801,982,066,680,360,000.00 ","RT @Tesla: In 2023, our customers avoided releasing over 20 million metric tons of CO2e into the Earthâ€™s atmosphere by using our products hâ€¦","In 2023, our customers avoided releasing over 20 million metric tons of CO2e into the Earthâ€™s atmosphere by using our products https://t.co/ihQQ6EPk09",1213,705,8268,55,"Sat Jun 15 14:16:18 +0000 2024",173,TRUE,FALSE
"https://twitter.com/elonmusk/status/1801977467218853932"," 1,801,977,467,218,850,000.00 ","We should eliminate electronic voting machines. The risk of being hacked by humans or AI, while small, is still too high.","",82336,34156,395394,10051,"Sat Jun 15 13:58:01 +0000 2024",9022,FALSE,TRUE
"https://twitter.com/elonmusk/status/1801976488251814048"," 1,801,976,488,251,810,000.00 ","Wise words from a recent interview with @geoffreyhinton, one of the smartest people in the world regarding AI

 https://t.co/11A7fJpLcs","",29855,6905,125140,2450,"Sat Jun 15 13:54:08 +0000 2024",44761,FALSE,FALSE
"https://twitter.com/elonmusk/status/1801649649054318675"," 1,801,649,649,054,310,000.00 ","RT @jeffskoll: Elon Musk Drops EPIC Interview!!! https://t.co/Lu5jgKOhWN via @YouTube

This is one of the best interviews I've seen in a loâ€¦","Elon Musk Drops EPIC Interview!!! https://t.co/r8mnNMfCvx via @YouTube

This is one of the best interviews I've seen in a long time.   I really like how @elonmusk continues to iterate his thinking and in so doing, is more and more able to explain the complicated companies and decisions he is making to ultimately preserve mankind, make things better on Earth and ultimately move us to a multi-planetary species.  

I remember sitting with Elon in 2003, after my company, eBay, had acquired PayPal, when he first described his first three parts of his ultimate plans: create a global Cleantech company driven first by electric cars, roll out renewable energy platforms starting with solar and eventually, colonize Mars.  

I said on my part I would do my best to buy time on Earth through storytelling  (soon to become Participant Media), non-profit work (via the Skoll Foundation and later The Skoll Global Threats Fund) and investment in impact investing including Cleantech (in part by investing in Tesla from the start, and through Capricorn, the investment shop I started in 2000).   While I and my teams continue many of those things and have come a long way, Elon has come an even longer way and has become a global figure.  

It is inspiring to witness what were ""back of the napkin plans"" turn into tangible progress 21 years later.  

I can only imagine what the next 21 years will bring.  

Thank you for those of you on X who understand the bigger picture and have remained supportive of such big visions such as Elon espouses well in this interview.  

How",1771,829,8247,71,"Fri Jun 14 16:15:24 +0000 2024",2168,TRUE,FALSE
"https://twitter.com/elonmusk/status/1801495332754223165"," 1,801,495,332,754,220,000.00 ","RT @SawyerMerritt: Elon on Robotaxiâ€™s: â€œItâ€™s simply a matter of time. Admittedly Iâ€™m a little optimistic sometimes. I donâ€™t have a completeâ€¦","Elon on Robotaxiâ€™s: â€œItâ€™s simply a matter of time. Admittedly Iâ€™m a little optimistic sometimes. I donâ€™t have a complete lack of self awareness. But if I wasnâ€™t optimistic, this wouldnâ€™t exist. This factory wouldnâ€™t exist.â€ https://t.co/UlXtpOVQcP",2042,886,15200,128,"Fri Jun 14 06:02:12 +0000 2024",652,TRUE,FALSE
"https://twitter.com/elonmusk/status/1801494947712901291"," 1,801,494,947,712,900,000.00 ","RT @MarioNawfal: ELON: TESLA OWNERS WILL BE ABLE TURN CARS INTO ROBOTAXIS

""Monetizing the autonomous fleet is like Airbnb and Uber.

Teslaâ€¦","ELON: TESLA OWNERS WILL BE ABLE TURN CARS INTO ROBOTAXIS

""Monetizing the autonomous fleet is like Airbnb and Uber.

Tesla will own some cars, but customers can add their cars to the fleet with a tap on the Tesla app, making money whenever they want.

You can add or remove your car for hours, days, or weeks.

The revenue will exceed the monthly payment.

This will happen, mark my words.""

Source: Tesla",2125,958,12366,209,"Fri Jun 14 06:00:40 +0000 2024",1166,TRUE,FALSE
"https://twitter.com/elonmusk/status/1801491464532132008"," 1,801,491,464,532,130,000.00 ","RT @elon_docs: Here's the full breakdown of Elon's presentation, including Q&amp;A session, at the 2024 Tesla Shareholder Meeting earlier todayâ€¦","Here's the full breakdown of Elon's presentation, including Q&A session, at the 2024 Tesla Shareholder Meeting earlier today.

INTRODUCTION

1:36 FSD improving exponentially
4:04 How robotaxi will work
7:08 Autonomy could add $5 trillion value
8:37 Optimus could add $20 trillion value

PRESENTATION

12:54 Tesla's impact accelerating
15:38 6 millionth vehicle
16:48 Cybertruck
19:11 Updated Model 3
20:02 Model Y bestselling car
20:39 Tesla Semi starting volume prod
22:44 Future products
23:22 Supercharger network
25:44 4680 battery cell production
28:08 Huge energy storage growth
30:39 Software at Tesla
31:56 Real-world AI
32:42 Chips: HW3, HW4, Optimus
37:31: AWS-type opportunity
39:21 FSD getting extremely good
43:50 Optimus progress & perspectives

Q&A

51:08 A thanks to Elon
52:28 Regular free trials for FSD
54:10 Disneyland & statistical FSD risk
56:57 Tesla valuation: 10X by 2029
58:07 Referral program
1:00:37 FSD transfers one more quarter
1:02:03 Elon's well-being & security
1:05:08 HVAC for homes
1:06:29 Factory tour for kids
1:08:07 Donald Trump fan of Cybertruck
1:09:24 Interventions for unsupervised FSD
1:10:54 Shoutout to @TeslaBoomerMama
1:11:33 Batteries only fraction of car price
1:15:35 Cybertruck could go international next year
1:19:09 Cybertruck Foundation series
1:19:45 Data collection & compute
1:26:47 Optimus to be equipped with LLMs
1:28:17 Optimus will be generalized
1:31:22 Elon helps accelerate Tesla
1:33:49 Parking & charging close to Starbase
1:35:28 Lithium refining
1:38:03 Suggestion: Deliver Teslas at night",1895,572,8268,112,"Fri Jun 14 05:46:49 +0000 2024",3146,TRUE,FALSE
"https://twitter.com/elonmusk/status/1801486025178464454"," 1,801,486,025,178,460,000.00 ","Sending this cake to Delaware as a parting gift ğŸ˜˜ https://t.co/uLKE7LDSCW","",33182,14610,381827,2584,"Fri Jun 14 05:25:13 +0000 2024",6495,FALSE,FALSE
"https://twitter.com/elonmusk/status/1801480427166728677"," 1,801,480,427,166,720,000.00 ","RT @Tesla: Summarizing @elonmusk's presentation under this post","Summarizing @elonmusk's presentation under this post",1731,395,10434,107,"Fri Jun 14 05:02:58 +0000 2024",1722,TRUE,FALSE
"https://twitter.com/elonmusk/status/1801422995161849875"," 1,801,422,995,161,840,000.00 ","Logan Paul interviews @realDonaldTrump","",12842,4412,146158,514,"Fri Jun 14 01:14:45 +0000 2024",6197,FALSE,TRUE
"https://twitter.com/elonmusk/status/1801390163941081279"," 1,801,390,163,941,080,000.00 ","RT @cb_doge: HOT DAMN I LOVE YOU GUYS! â™¥ï¸

ä¸€ Elon Musk https://t.co/mIt1fZ9Qi3","HOT DAMN I LOVE YOU GUYS! â™¥ï¸

ä¸€ Elon Musk https://t.co/mIt1fZ9Qi3",2082,1115,14791,162,"Thu Jun 13 23:04:17 +0000 2024",574,TRUE,FALSE
"https://twitter.com/elonmusk/status/1801346960990912863"," 1,801,346,960,990,910,000.00 ","RT @MaryTilesTexas: Itâ€™s been almost 6 months since getting off hormonal birth control.
Half a year of no panic attacks 
Half a year of noâ€¦","Itâ€™s been almost 6 months since getting off hormonal birth control.
Half a year of no panic attacks 
Half a year of no mood swings
Half a year of no depression

This has changed my life and I wish I had researched what a negative impact it could have on my body, I thought so much was wrong with me, every now and then Iâ€™ll feel some anxiety and think Iâ€™m going to have a panic attack and it hasnâ€™t happened since I stopped taking it.
Iâ€™m going to repeat this, it CHANGED my life. If my post helps ONE woman, itâ€™s worth it. 

Share if you think it might help someone you know, or just to spread awareness. Iâ€™m not saying this is for everyone but if someone is suffering like I did, they deserve to know they can do the research just like me.",2446,1431,16075,211,"Thu Jun 13 20:12:37 +0000 2024",1188,TRUE,FALSE
"https://twitter.com/elonmusk/status/1801345127941816519"," 1,801,345,127,941,810,000.00 ","Tesla annual meeting in 25 mins!","",10235,7321,70967,626,"Thu Jun 13 20:05:20 +0000 2024",2028,FALSE,TRUE
"https://twitter.com/elonmusk/status/1801287629243138312"," 1,801,287,629,243,130,000.00 ","RT @cb_doge: ğ• is now TAG Brand Safety Certified. This platform has deployed every single brand control the marketplace has requested overâ€¦","ğ• is now TAG Brand Safety Certified. This platform has deployed every single brand control the marketplace has requested over the past 12 months.

The advertisers are seeing results. Not just from ğ•â€™s data, but also by third-party measurement partners, Integral Ad Sciences & DoubleVerify, who both independently validated a 99%+ Brand Safety Rate.",1260,715,5897,50,"Thu Jun 13 16:16:51 +0000 2024",154,TRUE,FALSE
